sex,n,median_salary,mean_salary,salary_ratio
Men,6268,150000.0,167771.53797064454,0.867
Women,2786,130000.0,142324.47954055993,0.867
